DVr1,IDV1,DVr2,IDV2
1.537659,2,-1.603933,0
0.713146,1.67891,0.713146,1.67891
0.458275,1.471866,0.458275,1.471866
-0.601,0.462163,-0.601,0.462163
-1.342866,0.033883,-1.342866,0.033883
1.465814,1.99742,-1.675778,0.00258
1.153898,1.927261,-1.987694,0.072739
0.336696,1.361454,-2.804897,0.638546
0.168616,1.200381,-2.972977,0.799619
0.641874,1.624901,-2.499719,0.375099
