DVr1,IDV1,DVr2,IDV2
1.537659,1.026834,-1.603933,0.97201
0.713146,1.012446,0.713146,1.012446
0.458275,1.007998,0.458275,1.007998
-0.601,0.989511,-0.601,0.989511
-1.342866,0.976565,-1.342866,0.976565
1.465814,1.02558,-1.675778,0.970756
1.153898,1.020138,-1.987694,0.965315
0.336696,1.005876,-2.804897,0.951065
0.168616,1.002943,-2.972977,0.948135
0.641874,1.011203,-2.499719,0.956386
